Activity ID,Activity Name,Activity Type,Activity Description,Elapsed Time,Distance,Max Heart Rate,Relative Effort,Commute,Activity Private Note,Activity Gear,Filename,Athlete Weight,Bike Weight,Moving Time,Distance,Max Speed,Average Speed,Elevation Gain,Elevation Loss,Elevation Low,Elevation High,Max Grade,Average Grade,Calories
416087440,Morning Walk,Walk,,1216,1.59,,,FALSE,,,activities/416087440.gpx,97.52230072,,1101,1594.300049,2.5,,14.1583004,,210.6999969,226.1999969,9,-0.00627235,191.0349274
416449871,Evening Walk,Walk,,1935,2.58,,,FALSE,,,activities/416449871.gpx,97.52230072,,1829,2581,2.299999952,,16.83239937,,207.5,226.3999939,9.399999619,0.0348702,309.2649536
417089351,Afternoon Walk,Walk,,1938,2.55,,,FALSE,,,activities/417089351.gpx,97.52230072,,1885,2553.100098,2.599999905,,17.25329971,,207.1999969,226.3000031,17.70000076,0.0235008,305.921875
417374167,Morning Walk,Walk,,1140,1.58,,,FALSE,,,activities/417374167.gpx,97.52230072,,1074,1580.900024,5.5,,14.38000011,,210.6999969,227.1000061,8.100000381,-0.025302,189.4292908
417766319,Afternoon Walk,Walk,,2060,2.6,,,FALSE,,,activities/417766319.gpx,97.52230072,,1952,2599.100098,2.099999905,,16.84670067,,207.8000031,226.3000031,28.79999924,0.073102199,311.4337769
417990961,Morning Run,Walk,,1150,1.55,,,FALSE,,,activities/417990961.gpx,97.52230072,,1122,1552,2.799999952,,14.1704998,,210.8000031,226.5,9,0.057989702,185.9663849
418328257,Afternoon Run,Run,,1908,2.44,,,FALSE,,,activities/418328257.gpx,97.52230072,,1667,2447.5,2.099999905,,17.12210083,,208.5,226.1999969,23.79999924,0.032686401,295.6769714
418563115,Morning Walk,Walk,,1681,2.26,,,FALSE,,,activities/418563115.gpx,97.52230072,,1615,2261.899902,2.700000048,,16.08189964,,207.6999969,226.8999939,13.19999981,0.044210602,271.0292358
418875165,Evening Walk,Walk,,1052,1.18,,,FALSE,,,activities/418875165.gpx,97.52230072,,820,1187.400024,2.5,,10.04669952,,214.6999969,226.3999939,9,0,142.278656
419205014,Morning Walk,Walk,,2195,2.87,,,FALSE,,,activities/419205014.gpx,97.52230072,,2018,2869.399902,2.700000048,,16.68670082,,207.3999939,225.8999939,17.20000076,0.041820601,343.822113
419528523,Afternoon Walk,Walk,,2046,2.74,,,FALSE,,,activities/419528523.gpx,97.52230072,,1970,2747.699951,3.700000048,,16.33569908,,208.6000061,225.8999939,25,0.00363941,329.2395935
419980118,Morning Walk,Walk,,2169,2.81,,,FALSE,,,activities/419980118.gpx,97.52230072,,2083,2809.199951,3.799999952,,17.11429977,,208.3000031,226,26.79999924,0.032037601,336.6087341
420419120,Afternoon Walk,Walk,,2558,2.8,,,FALSE,,,activities/420419120.gpx,97.52230072,,2068,2799.300049,4.5,,16.20709991,,207.8000031,226,21.29999924,0.021433899,335.4224854
421008493,Afternoon Walk,Walk,,2386,2.58,,,FALSE,,,activities/421008493.gpx,97.52230072,,1862,2583.300049,2.299999952,,17.64669991,,207.3000031,226,17.79999924,-0.00387102,309.5405579
421020322,Evening Run,Run,,1311,3.35,,,FALSE,,,activities/421020322.gpx,97.52230072,,1248,3358.800049,4.199999809,,14.79440022,,211.1000061,227.1000061,10.69999981,-0.00595451,406.5378418
421241455,Morning Walk,Walk,,1107,1.53,,,FALSE,,,activities/421241455.gpx,97.52230072,,1067,1533.300049,4.300000191,,14.0333004,,210.6999969,226.3000031,8.800000191,0.045653202,183.7256775
421637770,Evening Run,Run,,1399,3.41,,,FALSE,,,activities/421637770.gpx,97.52230072,,1313,3409.699951,4.400000095,,15.11209965,,211.1000061,227.1999969,12.5,-0.00879843,412.5889587
421861477,Morning Walk,Walk,,1265,1.55,,,FALSE,,,activities/421861477.gpx,97.52230072,,1152,1557,2.400000095,,14.77810001,,210.6999969,226.1999969,7.199999809,-0.032113001,186.565506
424335352,Evening Walk,Walk,,1953,2.56,,,FALSE,,,activities/424335352.gpx,97.52230072,,1910,2568.899902,3.099999905,,16.12669945,,207.8000031,225.8999939,27.29999924,0.0350345,307.815094
424362706,Morning Walk,Walk,,1702,2.33,,,FALSE,,,activities/424362706.gpx,97.52230072,,1562,2333.800049,3.099999905,,16.64830017,,208.5,226.1000061,9,0.0856971,279.6445618
425056643,Morning Walk,Walk,,1187,1.49,,,FALSE,,,activities/425056643.gpx,97.52230072,,1027,1492.900024,2.200000048,,13.97329998,,210.8000031,226.1000061,8.800000191,0.140665993,178.8847961
425405761,Afternoon Walk,Walk,,1727,2.13,,,FALSE,,,activities/425405761.gpx,97.52230072,,1624,2133.100098,2.5,,12.27330017,,208.5,224.5,7.599999905,0.0609442,255.595932
426061035,Evening Walk,Walk,,1641,2.14,,,FALSE,,,activities/426061035.gpx,97.52230072,,1586,2146.5,2.700000048,,12.64999962,,207.3999939,224.6000061,11.39999962,0.079198703,257.2015686
426298459,Morning Walk,Walk,,1044,1.38,,,FALSE,,,activities/426298459.gpx,97.52230072,,1028,1385.699951,3.599999905,,10.8071003,,210.8999939,224.6000061,11.10000038,0.158765003,166.0397034
446313973,Evening Run,Run,,1057,2.75,,,FALSE,,,activities/446313973.gpx,97.52230072,,1018,2755.100098,6.699999809,,17.56669998,,208.8000031,227,17.70000076,0.039926,333.085907
446945016,Evening Run,Run,,1056,2.75,,,FALSE,,,activities/446945016.gpx,97.52230072,,1028,2755.199951,6.099999905,,17.8567009,,208.1999969,226.8000031,19.5,0.036295,332.8222961
456724026,Morning Hike,Hike,,6743,8.44,,,FALSE,,,activities/456724026.gpx,97.52230072,,6317,8447.900391,2.799999952,,104.9329987,,297.3999939,321.8999939,32.70000076,-0.029593199,1012.258606
471042888,Afternoon Hike,Hike,,6569,7.65,,,FALSE,,,activities/471042888.gpx,97.52230072,,6141,7656.700195,3.599999905,,59.07329941,,282,302.7999878,19.29999924,0.0117544,917.4541016
487515188,Afternoon Hike,Hike,,7876,7.88,,,FALSE,,,activities/487515188.gpx,97.52230072,,5812,7880.899902,11.60000038,,118.6669998,,297.6000061,325.8999939,24.89999962,-0.032991201,944.3186035
499322669,Afternoon Walk,Walk,,4200,4.5,,,FALSE,,,activities/499322669.gpx,97.52230072,,3705,4508.399902,2.5,,16.86000061,,206.3999939,225.8999939,27.29999924,-0.028835099,540.2131958
504807911,Lunch Ride,Ride,,5068,12.35,,,FALSE,,,activities/504807911.gpx,97.52230072,,5068,12351.90039,8.5,,45.27330017,,296.8999939,327,18.20000076,0.121439002,270.4465637
504866428,Afternoon Ride,Ride,,3232,13.62,,,FALSE,,,activities/504866428.gpx,97.52230072,,3232,13622.2002,13.69999981,,69.62390137,,297.7000122,325.8999939,18.39999962,-0.108645998,416.0448608
510207018,Morning Ride,Ride,,3640,14.33,,,FALSE,,,activities/510207018.gpx,97.52230072,,3640,14334.2998,11.19999981,,35.32249832,,211.1000061,226,16.29999924,-0.000697627,388.5942993
524228970,Evening Ride,Ride,,3138,9.41,,,FALSE,,,activities/524228970.gpx,92.07920074,,3110,9410.700195,10.60000038,,18.95059967,,206.3999939,225.8999939,28,-0.00743834,199.8864441
535054638,Afternoon Ride,Ride,,3437,10.39,,,FALSE,,,activities/535054638.gpx,90.71839905,,3437,10395.59961,8.699999809,,32.25579834,,205.6000061,227,27.79999924,0.00288584,226.6430054
540236262,Morning Ride,Ride,,3020,14.76,,,FALSE,,,activities/540236262.gpx,90.71839905,,2827,14760.7002,9,,30.47879982,,195.1999969,226.1999969,21.29999924,0.000677475,342.2082825
545695369,Evening Ride,Ride,,3450,10.53,,,FALSE,,,activities/545695369.gpx,90.71839905,,3450,10530.09961,11,,33.44919968,,206.3999939,226,29.20000076,-0.000949659,265.6646423
546508031,Evening Ride,Ride,,4153,11.49,,,FALSE,,,activities/546508031.gpx,90.71839905,,4153,11493,9.100000381,,32.60169983,,206.3999939,226.1999969,25.89999962,0.00261028,301.1442566
547058128,Morning Ride,Ride,,4858,14.47,,,FALSE,,,activities/547058128.gpx,90.71849823,,4679,14476.2002,11.10000038,,26.75659943,,198.6000061,226,25.89999962,-0.000690789,371.4815063
555486293,Morning Ride,Ride,,2847,10.74,,,FALSE,,,activities/555486293.gpx,90.71849823,,2847,10745,10.19999981,,42.36360168,,209.8000031,226.6999969,22.29999924,-0.00930665,228.3517761
564627625,Evening Ride,Ride,,3245,11.64,,,FALSE,,,activities/564627625.gpx,90.71849823,,3245,11640.40039,9,,32.69919968,,206.3999939,226.1000061,27.89999962,-0.00601354,276.0508423
570001949,Afternoon Ride,Ride,,3846,9.67,,,FALSE,,,activities/570001949.gpx,90.71849823,,3846,9674.5,10.30000019,,13.43330002,,209.6000061,226,21.29999924,-0.00206729,296.0515442
583210936,Morning Ride,Ride,,4601,14.62,,,FALSE,,,activities/583210936.gpx,90.71849823,,4302,14621.09961,10.19999981,,25.1711998,,198.8999939,226,28.79999924,0,352.1404114
599639102,Lunch Ride,Ride,,3901,13.66,,,FALSE,,,activities/599639102.gpx,90.71849823,,3901,13663.09961,12.19999981,,32.95090103,,206.3999939,226,24.70000076,-0.00439139,298.4292603
602215440,Evening Ride,Ride,,3994,12.48,,,FALSE,,820,activities/602215440.gpx,90.71849823,15.8757,3979,12479.5,13.30000019,,33.70500183,,206.3000031,226.3000031,25.39999962,0.000801314,503.7697754
606250133,Afternoon Ride,Ride,,2321,5.97,,,FALSE,,X-Caliber 7,activities/606250133.gpx,90.71849823,14.06140041,2100,5977.600098,11.10000038,,19.42770004,,206.3000031,225.8999939,22.10000038,-0.0133833,232.1665192
607312205,Morning Ride,Ride,,4033,11.55,,,FALSE,,X-Caliber 7,activities/607312205.gpx,90.71849823,14.06140041,4021,11558.40039,8.399999619,,108.6869965,,265.1000061,302.2000122,32.40000153,0.00865172,711.4596558
609599578,Evening Ride,Ride,,4048,12.58,,,FALSE,,X-Caliber 7,activities/609599578.gpx,90.71849823,14.06140041,3821,12579.7998,11.19999981,,33.51670074,,206.3999939,226,27.10000038,0.0031797,498.2384949
611534365,Evening Ride,Ride,,5365,15,,,FALSE,,X-Caliber 7,activities/611534365.gpx,89.81130219,14.06140041,5365,15008.2002,9.800000191,,28.25,,196.6000061,225.8999939,24.39999962,-0.00199891,657.6643066
613516407,Evening Ride,Ride,,4068,11.82,,,FALSE,,X-Caliber 7,activities/613516407.gpx,89.81130219,14.06140041,4068,11827.5,8.600000381,,141.5899963,,213.8000031,244.1000061,22.29999924,0,540.6833496
614634374,Afternoon Ride,Ride,,5203,14.87,,,FALSE,,X-Caliber 7,activities/614634374.gpx,89.81130219,14.06140041,5203,14871.7002,7.699999809,,142.7680054,,246.6999969,288,20.10000038,0,689.0025635
618910192,Evening Ride,Ride,,4433,14.16,,,FALSE,,X-Caliber 7,activities/618910192.gpx,89.81130219,14.06140041,4433,14160.59961,9.5,,34.73849869,,206.3999939,225.8999939,30.60000038,-0.057201002,568.6735229
623087335,Evening Ride,Ride,,3341,11.42,,,FALSE,,X-Caliber 7,activities/623087335.gpx,89.81130219,14.06140041,3341,11427.2002,10.39999962,,38.44720078,,208,225.8999939,26.70000076,-0.00175021,431.9051514
627789517,Morning Ride,Ride,,7780,22.93,,,FALSE,,X-Caliber 7,activities/627789517.gpx,89.81130219,14.06140041,6694,22930.09961,9.300000191,,50.2765007,,198.8999939,226,27.29999924,-0.000872216,918.3098755
630120148,Lunch Ride,Ride,,5431,13.41,,,FALSE,,X-Caliber 7,activities/630120148.gpx,89.81130219,14.06140041,5431,13409.7002,8.399999619,,162.5240021,,317.2000122,364.1000061,45.09999847,0,771.194397
633703145,Evening Ride,Ride,,4018,15.72,,,FALSE,,X-Caliber 7,activities/633703145.gpx,89.81130219,14.06140041,3679,15720.2002,11.19999981,,41.7458992,,207.6999969,226,29,-0.00190837,613.491394
635274403,Morning Ride,Ride,,5188,15.72,,,FALSE,,X-Caliber 7,activities/635274403.gpx,89.81130219,14.06140041,5188,15727.2002,8.199999809,,35.58430099,,206.3999939,226,29,0.00317921,628.2039185
636653304,Lunch Ride,Ride,,5170,16.79,,,FALSE,,X-Caliber 7,activities/636653304.gpx,89.81130219,14.06140041,5170,16792.69922,9.199999809,,42.13740158,,206.3999939,226,46.59999847,0.00178649,735.1934204
640181210,Evening Ride,Ride,,3994,14.7,,,FALSE,,X-Caliber 7,activities/640181210.gpx,89.81130219,14.06140041,3755,14708.2002,9.300000191,,26.43790054,,198.8999939,226,31.29999924,0.00203968,527.3640747
646903840,Evening Ride,Ride,,6402,24.13,,,FALSE,,X-Caliber 7,activities/646903840.gpx,89.81130219,14.06140041,6154,24134.30078,10.60000038,,53.03739929,,199.3999939,226,29.20000076,-0.000414348,869.3443604
653605843,Evening Ride,Ride,,4124,14.68,,,FALSE,,X-Caliber 7,activities/653605843.gpx,89.81130219,14.06140041,3541,14688.7998,10.30000019,,43.66159821,,206.3999939,226.3000031,27.20000076,-0.000680791,553.4015503
655913219,Evening Ride,Ride,,3916,14.32,,,FALSE,,X-Caliber 7,activities/655913219.gpx,89.81130219,14.06140041,3701,14325.2998,10.60000038,,26.04809952,,199.3000031,226,27.70000076,0.00279226,519.5820923
657616822,Lunch Ride,Ride,,2738,8.02,,,FALSE,,X-Caliber 7,activities/657616822.gpx,89.81130219,14.06140041,2504,8022.5,9.399999619,,59.35340118,,299,326,22.29999924,-0.00124649,360.1014099
657741655,Afternoon Ride,Ride,,6205,13.16,,,FALSE,,X-Caliber 7,activities/657741655.gpx,89.81130219,14.06140041,5317,13163.7998,7.400000095,,147.6660004,,318,364.2999878,46,-0.00835625,687.0071411
662654959,Evening Ride,Ride,,4252,13.55,,,FALSE,,X-Caliber 7,activities/662654959.gpx,89.81130219,14.06140041,3791,13552.40039,10.80000019,,42.21340179,,206.3999939,226.1000061,27.89999962,0.00147575,491.9257202
664917680,Evening Ride,Ride,,4094,14.81,,,FALSE,,X-Caliber 7,activities/664917680.gpx,89.81130219,14.06140041,3968,14815.59961,10.19999981,,24.34569931,,199.1999969,225.8999939,29.29999924,0,549.1067505
676089128,Lunch Ride,Ride,,5282,14.72,,,FALSE,,X-Caliber 7,activities/676089128.gpx,89.81130219,14.06140041,4422,14721.90039,7.5,,141.3439941,,246.6999969,287.8999939,21.20000076,0.00067926,604.7147217
678763880,Evening Ride,Ride,,2648,8.91,,,FALSE,,X-Caliber 7,activities/678763880.gpx,89.81130219,14.06140041,2457,8912.700195,9.300000191,,113.6569977,,214,245.6999969,16.29999924,-0.00897596,385.5868835
685542220,Evening Ride,Ride,,3814,14.09,,,FALSE,,X-Caliber 7,activities/685542220.gpx,89.81130219,14.06140041,3575,14095.7002,13.60000038,,33.67770004,,206.3000031,226,30.70000076,0,525.8017578
686858446,Evening Ride,Ride,,8453,25.65,,,FALSE,,X-Caliber 7,activities/686858446.gpx,89.81130219,14.06140041,6240,25658.30078,10.30000019,,77.25229645,,198.8999939,234.6999969,29.29999924,0,986.7963867
692321919,Morning Ride,Ride,,5833,13.48,,,FALSE,,X-Caliber 7,activities/692321919.gpx,89.81130219,14.06140041,5422,13485.09961,9,,172.6499939,,316.8999939,363.7000122,48.90000153,0.000741559,701.1787109
700493443,Morning Ride,Ride,,4809,14.74,,,FALSE,,X-Caliber 7,activities/700493443.gpx,89.81130219,14.06140041,4115,14742.2002,9.899999619,,42.0870018,,208,226,29.5,0,534.069397
703194873,Evening Ride,Ride,,4141,12.73,,,FALSE,,X-Caliber 7,activities/703194873.gpx,89.81130219,14.06140041,3364,12730.59961,10.5,,13.43080044,,209.3000031,226,33.29999924,0,391.0571594
713782291,Evening Ride,Ride,,4348,11.6,,,FALSE,,X-Caliber 7,activities/713782291.gpx,89.81130219,14.06140041,3600,11604.90039,10.39999962,,16.67200089,,206.3999939,226,25.10000038,-0.076691702,398.5733337
725106538,Afternoon Ride,Ride,,3525,13.65,,,FALSE,,X-Caliber 7,activities/725106538.gpx,89.81130219,14.06140041,3236,13657.2998,9,,30.10580063,,206.3999939,226,26.60000038,-0.00366105,518.8865967
729367785,Evening Ride,Ride,,4189,14.45,,,FALSE,,X-Caliber 7,activities/729367785.gpx,89.81130219,14.06140041,3881,14452.2998,8,,43.47259903,,206.3999939,226.1000061,31.39999962,-0.000691931,562.2826538
734697142,Evening Ride,Ride,,3452,11.28,,,FALSE,,820,activities/734697142.gpx,89.81130219,15.8757,3366,11280.40039,9.899999619,,39.23929977,,209.1999969,226,24.29999924,-0.00531896,416.1313477
739550243,Morning Ride,Ride,,5279,16.2,,,FALSE,,820,activities/739550243.gpx,89.81130219,15.8757,4729,16206.59961,7.800000191,,41.39830017,,206.3999939,225.1000061,44.5,-0.0018511,625.0892944
743689075,Lunch Ride,Ride,,12055,25.47,,,FALSE,,X-Caliber 7,activities/743689075.gpx,89.81130219,14.06140041,9182,25470.5,7.599999905,,348.7770081,,190.1000061,357.2000122,45.20000076,0,1581.596436
744381282,Morning Ride,Ride,,4237,10.31,,,FALSE,,X-Caliber 7,activities/744381282.gpx,89.81130219,14.06140041,3479,10310.7002,9,,150.8480072,,186.1999969,288.8999939,25.60000038,0.00193973,509.2113647
752482286,Morning Ride,Ride,,5479,15.98,,,FALSE,,X-Caliber 7,activities/752482286.gpx,89.81130219,14.06140041,4609,15988.7998,7.5,,30.78730011,,206.3999939,225,23.39999962,-0.00312719,598.3532715
752859914,Afternoon Walk,Walk,,5239,5.21,,,FALSE,,,activities/752859914.gpx,89.81130219,,3812,5211.799805,2.599999905,,17.69409943,,206.3999939,226.3000031,26,-0.0249434,609.9743652
769234725,Evening Ride,Ride,,4948,14.32,,,FALSE,,X-Caliber 7,activities/769234725.gpx,89.81130219,14.06140041,4391,14324.7998,6.900000095,,42.00139999,,206.3000031,225,29.70000076,-0.00349045,549.2979126
774604438,Morning Ride,Ride,,8696,28.27,,,FALSE,,X-Caliber 7,activities/774604438.gpx,89.81130219,14.06140041,7732,28273,7.599999905,,63.98550034,,195.8999939,226,39.59999847,0,1064.405396
783044501,Evening Ride,Ride,,4366,14.32,,,FALSE,,X-Caliber 7,activities/783044501.gpx,89.81130219,14.06140041,3904,14324,10.10000038,,41.57400131,,206.3999939,226.1000061,24.60000038,-0.00767942,532.8850098
785363282,Lunch Ride,Ride,,3475,8.64,,,FALSE,,X-Caliber 7,activities/785363282.gpx,89.81130219,14.06140041,2648,8639.200195,7.599999905,,59.54510117,,298.5,326.3999939,24.39999962,-0.00231503,439.7778625
792744477,Afternoon Walk,Walk,,2384,2.42,,,FALSE,,,activities/792744477.gpx,89.81130219,,2107,2422.800049,2.599999905,,0,,213.3999939,225.8000031,15.60000038,-0.156843007,283.5576782
847169175,Morning Ride,Ride,,4081,12.5,,,FALSE,,X-Caliber 7,activities/847169175.gpx,89.81130219,14.06140041,3457,12502.90039,6.599999905,,24.49449921,,199,226,14,0.00239944,459.1700134
877229099,Lunch Hike,Hike,,8033,10.53,,,FALSE,,,activities/877229099.gpx,89.81130219,,7371,10533.7002,3.900000095,,315.552002,,2067.399902,2290,22.39999962,-0.048416,1232.834473
907018681,Afternoon Hike,Hike,,2476,3.2,,,FALSE,,,activities/907018681.gpx,89.81130219,,2378,3202,2.400000095,,46.74100113,,302.1000061,335.8999939,25,0.024984401,353.338623
943301157,Morning Run,Run,,1824,4.3,,,FALSE,,,activities/943301157.gpx,89.81130219,,1711,4305.700195,4.400000095,,14.7979002,,208.5,224.1000061,5.599999905,0.044127598,477.0402222
946916403,Evening Ride,Ride,,4708,12.59,,,FALSE,,X-Caliber 7,activities/946916403.gpx,89.81130219,14.06140041,3588,12596,8.600000381,,24.7404995,,199,224.8999939,17.5,-0.00476342,506.0544128
956920989,Evening Ride,Ride,,6470,16.61,,,FALSE,,X-Caliber 7,activities/956920989.gpx,89.81130219,14.06140041,4702,16610.19922,9.399999619,,61.69400024,,206.6000061,229.8000031,21.5,-0.00120408,672.5950928
965295079,Evening Run,Run,,2398,4.38,,,FALSE,,,activities/965295079.gpx,89.81130219,,2025,4388,4.5,,15.66499996,,208.3999939,224.3999939,7.300000191,0.0546946,486.4309692
1014152707,Morning Run,Run,,1296,3.57,,,FALSE,,,activities/1014152707.gpx,89.81130219,,1282,3572.199951,5.300000191,,6.890110016,,208.3999939,222.1999969,33.29999924,-0.33592701,392.192627
1015754429,Morning Run,Run,,1146,3.06,,,FALSE,,,activities/1015754429.gpx,89.81130219,,1146,3068.800049,4.400000095,,22.78510094,,208.5,226,19.60000038,0.153154001,344.0802917
1023575599,Morning Run,Run,,1329,3.62,,,FALSE,,,activities/1023575599.gpx,89.81130219,,1324,3627.899902,4,,4.341670036,,208.3999939,221.8000031,3.799999952,-0.322501004,395.8120728
1026538538,Morning Run,Run,,1027,2.97,,,FALSE,,,activities/1026538538.gpx,89.81130219,,1027,2974.100098,4.599999905,,5.18516016,,208.5,214.6000061,9.199999809,-0.121045001,327.5830688
1031815585,Morning Ride,Ride,,6458,21.48,,,FALSE,,X-Caliber 7,activities/1031815585.gpx,89.81130219,14.06140041,5877,21482.19922,14.10000038,,130.6029968,,199.1000061,229.8000031,42.70000076,-0.0563257,825.8104248
1034341877,Morning Run,Run,,1308,3.76,,,FALSE,,,activities/1034341877.gpx,89.81130219,,1244,3763.5,5,,10.57279968,,208,226.1000061,29.70000076,-0.374651015,414.6266479
1037588194,Morning Run,Run,,1043,2.87,,,FALSE,,,activities/1037588194.gpx,89.81130219,,939,2869,8.100000381,,15.23490047,,209.1000061,226,7,-0.055768602,317.828186
1051589077,Morning Run,Run,,3178,6.76,,,FALSE,,,activities/1051589077.gpx,89.81130219,,2781,6767,5,,20.50959969,,243,262,9,-0.094576597,746.9437256
1056349716,Morning Run,Run,,1658,4.45,,,FALSE,,,activities/1056349716.gpx,89.81130219,,1650,4451.799805,4.400000095,,24.37299919,,208.5,230.1999969,8.899999619,0.040433101,493.7140198
1060778321,Morning Run,Run,,3425,5.94,,,FALSE,,,activities/1060778321.gpx,89.81130219,,2435,5944.600098,4.400000095,,32.15850067,,206.5,226,7.400000095,0.0555126,659.513916
1064489672,Lunch Ride,Ride,,5430,9.91,,,FALSE,,X-Caliber 7,activities/1064489672.gpx,89.81130219,14.06140041,3841,9911.299805,8.100000381,,200.5549927,,311.3999939,362.7000122,45.20000076,0.110983998,598.0126343
1064963161,Evening Walk,Walk,,2879,4.67,,,FALSE,,,activities/1064963161.gpx,89.81130219,,2854,4678.399902,3,,13.9428997,,229,241,15.60000038,-0.0192373,547.5467529
1084824665,Lunch Ride,Ride,,3549,11.13,,,FALSE,,X-Caliber 7,activities/1084824665.gpx,89.81130219,14.06140041,2939,11130.2002,10.19999981,,63.04740143,,199,226,15.39999962,0.167113006,422.3181763
1105562934,Morning Run,Run,,1717,5.07,,,FALSE,,,activities/1105562934.gpx,89.81130219,,1711,5070.200195,11,,12.90190029,,174.8999939,181.3000031,10.19999981,-0.00197231,561.0161133
1107093442,Morning Run,Run,,1426,4.13,,,FALSE,,,activities/1107093442.gpx,89.81130219,,1402,4135.5,9.399999619,,8.574879646,,174.1000061,179.1000061,8.699999809,-0.050779801,456.7249146
1153825501,Afternoon Hike,Hike,,10955,8.85,,,FALSE,,,activities/1153825501.gpx,89.81130219,,7795,8857.299805,4.900000095,,336.8179932,,293.7000122,448.5,49.59999847,0.0349994,1036.633423
1270906471,Morning Ride,Ride,,4922,13.56,,,FALSE,,X-Caliber 7,activities/1270906471.gpx,89.81130219,14.06140041,4125,13566.09961,9.100000381,,70.24780273,,199,229.8000031,19.89999962,0.118678004,542.9608154
1272862654,Afternoon Hike,Hike,,4678,4.14,,,FALSE,,,activities/1272862654.gpx,89.81130219,,3089,4148.600098,4.800000191,,81.98480225,,359.7999878,404,47.09999847,-0.188014999,485.5404358
1491860126,Evening Ride,Ride,,3887,13.81,,,FALSE,,X-Caliber 7,activities/1491860126.gpx,89.81130219,14.06140041,2742,13809.5,8.100000381,,36.7306633,,195.1000061,224.6999969,5.400000095,-0.002896557,488.3565063
1539594318,Morning Ride,Ride,,7674,23.72,,,FALSE,,X-Caliber 7,activities/1539594318.gpx,89.81130219,14.06140041,7006,23724.80078,11.39999962,,141.7756958,,199,229.8000031,46.90000153,0.017702995,888.9156494
1567215094,Morning Run,Run,,1901,5.19,,,FALSE,,,activities/1567215094.gpx,89.81130219,,1763,5189.799805,4.199999809,,42.1071434,,219.3999939,239.1000061,40.70000076,0,585.6350098
1579117926,Evening Ride,Ride,,7111,15.52,,,FALSE,,X-Caliber 7,activities/1579117926.gpx,89.81130219,14.06140041,4720,15522.7998,9.600000381,,113.8426285,,207.3000031,229.8000031,49.40000153,0.026412761,616.1265259
1600312217,Lunch Ride,Ride,,2841,8.04,,,FALSE,,X-Caliber 7,activities/1600312217.gpx,89.81130219,14.06140041,2540,8041,9.100000381,,116.2891312,,298.7999878,327.7999878,27.39999962,0.003730879,416.4064941
1604895560,Evening Ride,Ride,,3268,13.14,,,FALSE,,X-Caliber 7,activities/1604895560.gpx,89.81130219,14.06140041,3137,13142.59961,11.19999981,,79.0315094,,207.1000061,224.8999939,35.29999924,-0.006087075,529.7315063
1612232115,Morning Run,Run,,2423,5.28,,,FALSE,,,activities/1612232115.gpx,89.81130219,,1968,5280.399902,4,,41.21889114,,181.6999969,204.3000031,37.40000153,-0.003787592,594.3967896
1680958922,Morning Ride,Ride,,5859,12.8,,,FALSE,,X-Caliber 7,activities/1680958922.gpx,89.81130219,14.06140041,5315,12800.09961,6.900000095,,293.24823,,314.7000122,366.6000061,45.09999847,-0.001562488,753.7684326
1689061809,Morning Run,Run,,1680,4.57,,,FALSE,,,activities/1689061809.gpx,89.81130219,,1662,4577.600098,4.400000095,,24.05256462,,208.6000061,230,6.900000095,0.045875568,509.5160522
1690822717,Morning Run,Run,,1704,4.08,,,FALSE,,,activities/1690822717.gpx,89.81130219,,1617,4082.399902,4.099999905,,16.85833359,,208.8999939,226,11.39999962,0.080834806,455.3786621
1695165798,Morning Run,Run,,1932,4.62,,,FALSE,,,activities/1695165798.gpx,89.81130219,,1644,4628.100098,4.699999809,,24.43173027,,208.5,230,4.5,-0.043214276,513.0803223
1709878251,Evening Ride,Ride,,4399,15.16,,,FALSE,,X-Caliber 7,activities/1709878251.gpx,89.81130219,14.06140041,4120,15165.40039,12.5,,85.85688782,,209.3999939,226.5,34,0.000659396,574.2387695
1727644291,Morning Hike,Hike,,10201,9.85,,,FALSE,,,activities/1727644291.gpx,89.81130219,,8333,9855.099609,2.900000095,,488.7492981,,3442,3796.5,48.70000076,-0.044646934,1153.413086
1729929886,Morning Ride,Ride,,14294,25.58,,,FALSE,,X-Caliber 7,activities/1729929886.gpx,89.81130219,14.06140041,10519,25580.09961,11.39999962,,509.7250977,,2906,3123.699951,32,0.000781858,1232.168701
1778736427,Morning Hike,Hike,,5971,9.52,,,FALSE,,,activities/1778736427.gpx,89.81130219,,5866,9521.700195,3.700000048,,126.1556778,,286,329.8999939,28.70000076,-0.037808374,1050.713379
2673707667,Morning Ride,Ride,,3927,13.78,,,FALSE,,X-Caliber 7,activities/2673707667.gpx,89.81130219,14.06140041,3746,13780.7002,10.5,,146.4608459,,298.7000122,324.5,29.60000038,-0.00290261,544.2763062
2687741404,Morning Ride,Ride,,6831,17.92,,,FALSE,,X-Caliber 7,activities/2687741404.gpx,89.81130219,14.06140041,4926,17926.30078,10.80000019,,83.0086441,,198.1000061,224.1000061,20.5,0.001115679,700.1077271
2691191058,Morning Ride,Ride,,5144,17.41,,,FALSE,,X-Caliber 7,activities/2691191058.gpx,89.81130219,14.06140041,4808,17418.30078,12,,217.2460632,,289.2999878,324.5,20.79999924,-0.017797373,803.7659302
2726317678,Evening Ride,Ride,,4400,12.16,,,FALSE,,X-Caliber 7,activities/2726317678.gpx,89.81130219,14.06140041,3920,12166.2002,9.300000191,,81.56558228,,208.6000061,226,28.29999924,0.01150729,482.4481506
2740091862,Afternoon Ride,Ride,,3870,14.05,,,FALSE,,X-Caliber 7,activities/2740091862.gpx,89.81130219,14.06140041,3707,14057.09961,11.89999962,,160.372467,,297.2999878,325.3999939,12.69999981,0.000711384,521.6412964
2801079244,Morning Ride,Ride,,6180,17.96,,,FALSE,,X-Caliber 7,activities/2801079244.gpx,89.81130219,14.06140041,4558,17965.90039,10.69999981,,67.06122589,,198.5,223.5,19,0.00055661,677.21521
3698852546,Lunch Lap,Ride,,2082,7.13,,,FALSE,,X-Caliber 7,activities/3698852546.gpx,89.81130219,14.06140041,1975,7131.899902,15.10000038,3.611088514,30.1935997,30.29360008,206.1999969,224,23.60000038,-0.001402151,349.9076538
3705418551,Evening Ride,Ride,,5080,14.54,,,FALSE,,X-Caliber 7,activities/3705418551.gpx,89.81130219,14.06140041,4934,14547.40039,14.60000038,2.948398829,85.84101868,85.84101868,206.6000061,226.1000061,36.20000076,0,816.2241211
3709311740,Afternoon Ride,Ride,,5774,13.87,,,FALSE,,X-Caliber 7,activities/3709311740.gpx,89.81130219,14.06140041,4602,13870.40039,13.89999962,3.013993979,218.8280029,218.8280029,300.2999878,326.6000061,33,0,910.0546875
3713105503,Morning Ride,Ride,,4957,14.54,,,FALSE,,X-Caliber 7,activities/3713105503.gpx,89.81130219,14.06140041,4592,14540.5,13.80000019,3.16648531,210.3509979,205.3509979,261.3999939,306.6000061,45.20000076,0.034386713,864.9333496
3723218129,Morning Ride,Ride,,5496,16.3,,,FALSE,,X-Caliber 7,activities/3723218129.gpx,89.81130219,14.06140041,4816,16299.40039,12.19999981,3.384426832,212.3292542,212.3292542,261.3999939,306.5,19,0,871.1156006
3753059340,Lunch Ride,Ride,,5750,15.86,,,FALSE,,X-Caliber 7,activities/3753059340.gpx,89.81130219,14.06140041,4532,15860.90039,14,3.49975729,196.791626,197.6916199,300.2999878,324.7999878,34.90000153,-0.005674331,835.9766846
3762174185,Lunch Ride - Bubba's & Oak Hill 1,Ride,,2894,10.18,,,FALSE,,X-Caliber 7,activities/3762174185.gpx,89.81130219,14.06140041,2696,10183.90039,8.899999619,3.777410984,60.51839066,60.51839066,207.6999969,225.3000031,29.29999924,0,481.1306152
3777236350,Afternoon Ride,Ride,,5337,16.93,,,FALSE,,X-Caliber 7,activities/3777236350.gpx,89.81130219,14.06140041,4853,16933.09961,14.19999981,3.489202499,216.4884186,216.3884277,261.3999939,306.6000061,17.79999924,0.000590559,838.7876587
3809599709,Evening Ride,Ride,,5850,15.75,,,FALSE,,X-Caliber 7,activities/3809599709.gpx,89.81130219,14.06140041,4737,15757.2002,10.39999962,3.326409101,95.22631836,95.12631989,208,225.3000031,35.90000153,0.000634631,807.7713013
3811931762,Morning Ride,Ride,,5306,16.15,,,FALSE,,X-Caliber 7,activities/3811931762.gpx,89.81130219,14.06140041,4233,16151.2998,14,3.815568209,197.9444427,197.8444366,300.2999878,324.7999878,37.09999847,0.000619145,781.3810425
3839556124,Lunch Ride,Ride,,3887,13.6,,,FALSE,,X-Caliber 7,activities/3839556124.gpx,89.81130219,14.06140041,3707,13608.7998,11.89999962,3.671108723,80.82589722,80.72589874,207.6000061,227.1999969,42.5,0.000734819,638.5866089
3845019551,Afternoon Ride,Ride,,3352,9.34,,,FALSE,,X-Caliber 7,activities/3845019551.gpx,89.81130219,14.06140041,3149,9346.599609,8.600000381,2.96811676,90.73055267,89.93054962,237.5,253.8000031,29.20000076,0.008559262,569.4437866
3855385417,Afternoon Ride,Ride,,3559,12.62,,,FALSE,,X-Caliber 7,activities/3855385417.gpx,89.81130219,14.06140041,3260,12620.09961,12.5,3.87119627,71.22555542,71.32555389,207.5,227.3000031,28,-0.000792387,580.5543823
3889780045,Lunch Ride,Ride,,10942,20.72,,,FALSE,,X-Caliber 7,activities/3889780045.gpx,89.81130219,14.06140041,7912,20719.19922,11,2.61870575,363.2633362,394.6633606,300.2999878,363.8999939,50,-0.151550248,1479.156494
3913373719,Morning Ride,Ride,,17846,42.82,,,FALSE,,X-Caliber 7,activities/3913373719.gpx,89.81130219,14.06140041,15634,42828.5,11.10000038,2.739446163,541.0238647,541.0238647,261.3999939,315.2999878,31.10000038,0,2537.659424
3928692275,Evening Ride,Ride,,5310,17.43,,,FALSE,,X-Caliber 7,activities/3928692275.gpx,89.81130219,14.06140041,4986,17437.40039,12.39999962,3.497272253,99.66713715,99.56713104,207.8000031,227.8999939,21.70000076,0.00057348,857.3395386
3951356538,Afternoon Ride,Ride,,7648,21.76,,,FALSE,,X-Caliber 7,activities/3951356538.gpx,89.81130219,14.06140041,7041,21766.09961,12.19999981,3.091336489,150.1913757,150.3913727,207.6000061,230.1000061,43.5,-0.00091886,1299.361572
3955534052,Morning Ride,Ride,,7442,23.46,,,FALSE,,X-Caliber 7,activities/3955534052.gpx,89.81130219,14.06140041,6541,23459.30078,13.89999962,3.586500645,288.3917542,288.3917542,300.2999878,325.6000061,17.5,0,1246.045532
3988508808,Lunch Ride,Ride,,8365,23.68,,,FALSE,,X-Caliber 7,activities/3988508808.gpx,89.81130219,14.06140041,6563,23681.40039,14.19999981,3.608319283,309.355011,309.355011,298,325.7000122,44.70000076,0,1189.734253
4006670271,Lunch Ride,Ride,,2599,7.1,,,FALSE,,X-Caliber 7,activities/4006670271.gpx,89.81130219,14.06140041,2119,7106.100098,9.5,3.353515863,38.24006271,38.24006271,206.6000061,223.6999969,21.39999962,0,364.775238
4011617859,Afternoon Ride,Ride,,4926,16.15,,,FALSE,,X-Caliber 7,activities/4011617859.gpx,89.81130219,14.06140041,4349,16155.59961,14,3.714785099,191.7143097,191.7143097,300.2999878,324.7999878,16,0,814.5284424
4016806963,Morning Ride,Ride,,7926,24.52,,,FALSE,,X-Caliber 7,activities/4016806963.gpx,89.81130219,14.06140041,7266,24524.5,11.19999981,3.375240803,158.5196075,158.3196106,207.5,231.3000031,49.59999847,0.000815511,1331.698486
4027660366,Afternoon Ride,Ride,,7796,24.58,,,FALSE,,X-Caliber 7,activities/4027660366.gpx,89.81130219,14.06140041,6925,24579.69922,12.89999962,3.549415112,289.3309631,289.5309448,300.2999878,324.7999878,23.10000038,-0.00081368,1226.46228
4045575141,Afternoon Ride,Ride,,3274,11.6,,,FALSE,,Ibis Ripley V4,activities/4045575141.gpx,89.81130219,14.06140041,2948,11604.5,11.5,3.936397552,53.41895294,53.21900177,199.6000061,223.6999969,16.10000038,0.001723469,521.1158447
4056518839,Afternoon Ride,Ride,,8109,23.7,,,FALSE,,Ibis Ripley V4,activities/4056518839.gpx,89.81130219,13.60779953,7125,23708.5,13.89999962,3.327508688,294.128418,294.0284424,300.2999878,326.2999878,41,0.00042179,1307.00647
4065938179,Afternoon Ride,Ride,,4663,15.06,,,FALSE,,Ibis Ripley V4,activities/4065938179.gpx,89.81130219,13.60779953,4151,15061.40039,11.19999981,3.62837863,63.41462326,63.51462555,199.6000061,225.3999939,23.79999924,-0.000663949,697.8287354
4075463373,Afternoon Ride,Ride,,6662,22.26,,,FALSE,,Ibis Ripley V4,activities/4075463373.gpx,89.81130219,13.60779953,5981,22264.69922,11.39999962,3.722571373,91.16468811,91.26468658,199.6000061,225.3999939,31.70000076,-0.000449141,1051.223145
4083690056,Lunch Ride,Ride,,7864,24.45,,,FALSE,,Ibis Ripley V4,activities/4083690056.gpx,89.81130219,13.60779953,7053,24452.19922,13.5,3.466921806,306.3884888,306.6884766,261.3999939,306.6000061,30.5,-0.001226883,1379.125977
4089246295,Morning Ride,Ride,,11122,22.14,,,FALSE,,Ibis Ripley V4,activities/4089246295.gpx,89.81130219,13.60779953,7308,22147.30078,9.600000381,3.030555487,104.221756,104.3217545,199.6000061,227.1000061,38.20000076,-0.000451522,1272.127686
4099479861,Afternoon Ride,Ride,,5190,15.76,,,FALSE,,Ibis Ripley V4,activities/4099479861.gpx,89.81130219,13.60779953,4583,15764.40039,9.300000191,3.439755678,84.30516815,84.30516815,207.1000061,225.3000031,32.90000153,0,814.1864624
4108454658,Afternoon Ride,Ride,,9131,22.3,,,FALSE,,Ibis Ripley V4,activities/4108454658.gpx,89.81130219,13.60779953,6146,22299.40039,10.60000038,3.628278494,94.40634918,94.50635529,199.6000061,227.1999969,21.5,-0.000448443,1125.617432
4116254229,Lunch Ride,Ride,,10604,18.88,,,FALSE,,Ibis Ripley V4,activities/4116254229.gpx,89.81130219,13.60779953,7624,18881.30078,13.10000038,2.476560831,326.390564,314.890564,251.1999969,280.1000061,40.59999847,0.060906824,1391.115356
4121620970,Afternoon Ride,Ride,,5319,13.52,,,FALSE,,Ibis Ripley V4,activities/4121620970.gpx,89.81130219,13.60779953,4422,13526.09961,9.399999619,3.058819532,83.71566772,83.81567383,207.6999969,225.3999939,34.29999924,-0.000739311,760.8424683
4146805055,Hixon,Ride,,7753,14.61,,,FALSE,,Ibis Ripley V4,activities/4146805055.gpx,89.81130219,13.60779953,6001,14617.90039,13.19999981,2.435910702,389.708252,390.3080139,301.8999939,386.8999939,49.40000153,-0.004104557,1193.761841
4169920922,Afternoon Ride,Ride,,5341,17.16,,,FALSE,,Ibis Ripley V4,activities/4169920922.gpx,89.81130219,13.60779953,5065,17168.30078,10.60000038,3.38959527,106.5146103,106.6146088,210.3000031,226.8000031,41.5,-0.000582469,918.6313477
4175823227,Morning Ride,Ride,,3561,11.22,,,FALSE,,Ibis Ripley V4,activities/4175823227.gpx,89.81130219,13.60779953,3086,11224.7002,9.899999619,3.637297392,69.35770416,69.35769653,208.3000031,228,25.20000076,0,557.6409302
4182711286,Muir,Ride,,10401,27.61,,,FALSE,,Ibis Ripley V4,activities/4182711286.gpx,89.81130219,13.60779953,7921,27618.5,13.89999962,3.486744165,359.8421936,360.1419983,261.3999939,306.6000061,45.59999847,-0.001086228,1514.152344
4197940509,Morning Ride,Ride,,7642,22.19,,,FALSE,,Ibis Ripley V4,activities/4197940509.gpx,89.81130219,13.60779953,5763,22196.90039,13.39999962,3.851622343,107.1474075,106.747406,199.6000061,225.5,34.70000076,0.001802053,1065.359375
4203920192,New Fane,Ride,,5123,15.87,,,FALSE,,Ibis Ripley V4,activities/4203920192.gpx,89.81130219,13.60779953,4444,15875.90039,12.69999981,3.572434664,197.6525574,197.6529999,300.2999878,324.7999878,29.29999924,0,813.3978882
4256585870,Afternoon Ride,Ride,,7902,21.97,,,FALSE,,Ibis Ripley V4,activities/4256585870.gpx,89.81130219,13.60779953,6205,21973.80078,13,3.541305304,95.69481659,95.59481812,198.8999939,228.1000061,33.79999924,0.000455087,1058.271362
4268146705,Camrock,Ride,,8255,18.73,,,FALSE,,Ibis Ripley V4,activities/4268146705.gpx,89.81130219,13.60779953,5973,18735.90039,10.39999962,3.13676548,258.3726196,245.3730011,250.8000031,276,20.39999962,0.069385514,1016.433167
4273940785,Afternoon Ride,Ride,,5055,13.49,,,FALSE,,Ibis Ripley V4,activities/4273940785.gpx,89.81130219,13.60779953,3667,13493.09961,8.800000191,3.679601908,63.96721268,63.56721115,198.8000031,224.1999969,16.10000038,0.002964478,603.8685913
4282823599,Afternoon Ride,Ride,,3223,11.49,,,FALSE,,Ibis Ripley V4,activities/4282823599.gpx,89.81130219,13.60779953,2918,11493.5,11.10000038,3.938827991,69.28530884,68.98529816,210.1000061,227.8999939,38.90000153,0.002610171,530.0553589
4286405659,Lunch Ride,Ride,,3662,11.73,,,FALSE,,Ibis Ripley V4,activities/4286405659.gpx,89.81130219,13.60779953,2943,11734,10.30000019,3.987087965,67.8968277,67.59683228,209.8000031,224.1999969,36.40000153,0.002556673,531.1789551
4298936765,Pleasant Valley,Ride,,3032,7.32,,,FALSE,,Ibis Ripley V4,activities/4298936765.gpx,89.81130219,13.60779953,2559,7327.100098,9.100000381,2.863266945,81.98170471,81.18170166,237.5,254.1000061,30.5,0.010918371,486.1341248
4302672615,Morning Ride,Ride,,9939,28.96,,,FALSE,,Ibis Ripley V4,activities/4302672615.gpx,89.81130219,13.60779953,7439,28965.30078,13.39999962,3.893708944,117.1755829,117.0755844,195,228.1000061,27.29999924,0.000345241,1369.738525
4310079184,Carlin Green,Ride,,4284,9.22,,,FALSE,,Ibis Ripley V4,activities/4310079184.gpx,89.81130219,13.60779953,3488,9224.400391,9.300000191,2.644610167,154.2270508,154.3269958,265.3999939,318.2999878,33.29999924,-0.001084081,611.5174561
4318823764,Lunch Ride,Ride,,3478,11.59,,,FALSE,,Ibis Ripley V4,activities/4318823764.gpx,89.81130219,13.60779953,3059,11593.7002,10.60000038,3.790029526,70.81056213,70.71056366,207,228.1000061,33.70000076,0.000862537,571.5014648
4332527394,Carlin Green & Orange,Ride,,8777,17.53,,,FALSE,,Ibis Ripley V4,activities/4332527394.gpx,89.81130219,13.60779953,6702,17530.80078,10.10000038,2.615756512,274.2046204,274.4049988,265.3999939,318.2999878,44.59999847,-0.001140849,1149.776611
4356861597,Lunch Ride,Ride,,3308,11.51,,,FALSE,,Ibis Ripley V4,activities/4356861597.gpx,89.81130219,13.60779953,3010,11515.7998,8.699999809,3.825847149,70.58779907,70.38779449,208.3999939,225.1999969,37.09999847,0.001736744,555.5305786
4366865978,Indoor Cycling,Ride,,1819,11.79,,,FALSE,,X-Caliber 7,activities/4667506498.fit.gz,89.81130219,13.60779953,1819,11790.40039,8.399999619,6.481803417,0,,,,0,0,267
4371393713,Camrock,Ride,,4787,13.53,180,83,FALSE,,Ibis Ripley V4,activities/4672281598.fit.gz,89.81130219,,4387,13533.09961,7.300000191,3.08481884,194.2059479,194.1060028,251.3999939,287.1000061,18.39999962,0.000738929,1028
4376453212,Ramp Test,Ride,,1892,13.55,,,FALSE,,X-Caliber 7,activities/4677699938.tcx.gz,89.81130219,13.60779953,1892,13556.90039,9.600000381,7.165380478,0,,,,0,0,275
4386388969,Ramp Test,Ride,,1690,5.97,,,FALSE,,X-Caliber 7,activities/4688334642.tcx.gz,89.81130219,13.60779953,1690,5978.899902,4.699999809,3.537810564,0,,,,0,0,252
4393158879,Monitor,Ride,,3600,14.35,,,FALSE,,X-Caliber 7,activities/4695509846.tcx.gz,89.81130219,13.60779953,3600,14352.7002,5.199999809,3.986861229,0,,,,0,0,509
4409566919,Muir - Double Blorange,Ride,,8271,24.9,178,154,FALSE,,Ibis Ripley V4,activities/4712835512.fit.gz,89.81130219,,7209,24899.5,8.899999619,3.453946352,285.8693237,285.8693237,261.7000122,306.8999939,15.89999962,0,1660
4418435333,Ericsson,Ride,,3600,13.91,,,FALSE,,X-Caliber 7,activities/4722182361.tcx.gz,89.81130219,13.60779953,3600,13914.7002,4.699999809,3.865194559,0,,,,0,0,449
4426720805,Carson,Ride,,2522,9.48,,,FALSE,,X-Caliber 7,activities/4730928751.tcx.gz,89.81130219,13.60779953,2522,9479.200195,5.300000191,3.758604288,0,,,,0,0,307
4432926212,Eclipse,Ride,,2686,8.78,,,FALSE,,X-Caliber 7,activities/4737516343.tcx.gz,89.81130219,13.60779953,2686,8787.700195,4.5,3.271667957,0,,,,0,0,313
4448207259,Tunnabora,Ride,,3600,12.3,,,FALSE,,X-Caliber 7,activities/4753625670.tcx.gz,89.81130219,13.60779953,3600,12302.90039,4.900000095,3.417472124,0,,,,0,0,417
4455335531,Lunch Ride,Ride,,3527,11.71,167,43,FALSE,,Ibis Ripley V4,activities/4761105567.fit.gz,89.81130219,,3457,11715.90039,7.300000191,3.389036655,75.280159,75.38020325,210.3999939,228.1000061,24.10000038,-0.000853541,729
4463649283,Warlow,Ride,,5400,18.26,,,FALSE,,X-Caliber 7,activities/4769862455.tcx.gz,89.81130219,13.60779953,5400,18263.40039,4.699999809,3.382111073,0,,,,0,0,649
4477418286,Carillon,Ride,,3600,12.29,,,FALSE,,X-Caliber 7,activities/4784377415.tcx.gz,89.81130219,13.60779953,3600,12293.90039,4.5,3.414972305,0,,,,0,0,436
4512425111,Bald Knob,Ride,,2015,7.14,,,FALSE,,X-Caliber 7,activities/4821346706.tcx.gz,89.81130219,13.60779953,2015,7145,4.199999809,3.54590559,0,,,,0,0,230
4527226638,Upper Buffalo,Ride,,12719,22.05,195,335,FALSE,,Ibis Ripley V4,activities/4837040580.fit.gz,89.81130219,,11924,22053.59961,6.900000095,1.849513531,556.6543579,444.6539917,536,746.2999878,40.20000076,0.507853568,2738
4530909467,Back 40 Short,Ride,,6125,18.33,180,138,FALSE,,Ibis Ripley V4,activities/4840952787.fit.gz,89.81130219,,5955,18329.19922,10.10000038,3.077951193,294.1530762,301.3529968,321.7999878,409.7000122,24.20000076,-0.039281584,1337
4535431391,Slaughter Pen,Ride,,9991,26.22,185,206,FALSE,,Ibis Ripley V4,activities/4845732445.fit.gz,89.81130219,,9006,26223.40039,9.199999809,2.911769867,352.0209961,351.92099,325,395,21.20000076,0.000381339,2021
4561890778,Lion Rock,Ride,,3618,12.41,,,FALSE,,Ibis Ripley V4,activities/4873747658.tcx.gz,89.81130219,13.60779953,3618,12417.59961,4.400000095,3.432172537,0,,,,0,0,465
4726897772,Whiteface,Ride,,2473,8.57,,,FALSE,,Ibis Ripley V4,activities/5045906865.tcx.gz,89.81130219,13.60779953,2473,8572.200195,4.5,3.466316223,0,,,,0,0,290
4745458567,Denali -2,Ride,,1800,6.18,,,FALSE,,Ibis Ripley V4,activities/5065133879.tcx.gz,89.81130219,13.60779953,1800,6182.5,4.699999809,3.434722185,0,,,,0,0,280
4762846946,Denali -2,Ride,,1800,6.58,,,FALSE,,Ibis Ripley V4,activities/5083177070.tcx.gz,89.81130219,13.60779953,1800,6585.700195,4.599999905,3.658722162,0,,,,0,0,273
4979175379,Morning Ride,Ride,,3255,7.91,178,60,FALSE,,Ibis Ripley V4,activities/5310227357.fit.gz,89.81130219,13.60779953,2616,7917.100098,6.699999809,3.026414394,238,234,215.6000061,237.1999969,46.20000076,0.065680616,699
5028575685,Tosa,Ride,,6565,21.26,181,97,FALSE,,Ibis Ripley V4,activities/5362055978.fit.gz,89.81130219,13.60779953,5166,21261.90039,9.399999619,4.115737438,158,170,188,236.6000061,50,-0.050795086,1213
5034437411,Evening Ride,Ride,,3857,14.2,177,105,FALSE,,Ibis Ripley V4,activities/5368211280.fit.gz,89.81130219,13.60779953,3777,14202.7998,7.599999905,3.760338783,116,111,202.3999939,239.6000061,21.79999924,0.046469711,937
5040690437,Afternoon Ride,Ride,,3919,14.94,172,79,FALSE,,Ibis Ripley V4,activities/5374737055.fit.gz,89.81130219,13.60779953,3701,14944.59961,8.199999809,4.037989616,80,94,197,231,25,-0.086987942,906
5057708026,Muir Orange & Blue,Ride,,8611,23.48,179,202,FALSE,,Ibis Ripley V4,activities/5392590661.fit.gz,89.81130219,13.60779953,7858,23483.5,7.900000095,2.988483191,470,445,261.3999939,326.3999939,42.70000076,0.108161047,1869
5070281644,Afternoon Ride,Ride,,8062,22.28,168,95,FALSE,,Ibis Ripley V4,activities/5405810164.fit.gz,89.81130219,13.60779953,6168,22281.40039,7.599999905,3.61241889,138,119,211.8000031,248.1999969,32.29999924,0.090658575,1411
5144628677,Carlin Green,Ride,,4185,10.06,189,149,FALSE,,Ibis Ripley V4,activities/5483463169.fit.gz,89.81130219,13.60779953,3796,10068.40039,6.800000191,2.65237093,233,234,251.6000061,307.7999878,30.39999962,-0.019864129,1028
5150968439,2X New Fane,Ride,,5102,15.82,176,138,FALSE,,Ibis Ripley V4,activities/5490114858.fit.gz,89.81130219,13.60779953,4444,15827.59961,8.699999809,3.561566114,278,265,300.7999878,333.3999939,33.29999924,0.0732897,1167
5204535305,Afternoon Ride,Ride,,3887,13.43,165,47,FALSE,,Ibis Ripley V4,activities/5545762631.fit.gz,89.81130219,13.60779953,3826,13433.09961,8,3.511003733,95,97,207.6000061,228,44.40000153,-0.002977719,717
5215438437,Afternoon Ride,Ride,,5218,17.35,182,120,FALSE,,Ibis Ripley V4,activities/5557638420.fit.gz,89.81130219,13.60779953,4834,17349.40039,9.399999619,3.589035988,116,137,193.3999939,228,39.09999847,-0.107208319,1124
5263717352,Muir Blue & Purple,Ride,,8915,25.12,187,234,FALSE,,Ibis Ripley V4,activities/5607932394.fit.gz,89.81130219,13.60779953,7368,25126.09961,8.800000191,3.410165548,456,441,260,317.2000122,31.5,0.060494862,1875
5270491678,Camrock,Ride,,6463,15.73,186,143,FALSE,,Ibis Ripley V4,activities/5615046758.fit.gz,89.81130219,13.60779953,5173,15737.5,7.900000095,3.042238474,328,329,299.6000061,337.3999939,28.29999924,-0.00635425,1324
5295145994,Tosa H & O,Ride,,7144,22.32,164,67,FALSE,,Ibis Ripley V4,activities/5640872987.fit.gz,89.81130219,13.60779953,5742,22324.5,9.800000191,3.887931108,133,138,198.6000061,228.8000031,40,-0.019709287,1150
5301958338,Muir Blue,Ride,,5190,16.1,173,90,FALSE,,Ibis Ripley V4,activities/5648000838.fit.gz,89.81130219,13.60779953,4749,16099.7002,8.600000381,3.390124321,300,301,260.2000122,304,26.10000038,-0.003726778,943
5310067014,Tosa HBO,Ride,,6245,21.72,188,132,FALSE,,Ibis Ripley V4,activities/5656471322.fit.gz,89.81130219,13.60779953,5941,21725.80078,8.899999619,3.656926394,133,135,203.1999969,229.6000061,40.90000153,-0.001841129,1289
5315085651,Evening Ride,Ride,,5822,19.42,175,75,FALSE,,Ibis Ripley V4,activities/5661685398.fit.gz,89.81130219,13.60779953,5500,19427.30078,8.5,3.532236338,134,137,210.3999939,228.1999969,44.40000153,-0.002058958,1045
5335821439,Step By Step,Virtual Ride,,2415,10.78,,,FALSE,,,activities/5683205350.fit.gz,89.81130219,13.60779953,2400,10780.7002,16.39999962,4.491958141,185,0,182.3999939,283.3999939,12.5,0.391440272,386
5341083466,Emily's Short Mix,Virtual Ride,,1806,8.51,176,25,FALSE,,X-Caliber 7,activities/5688719310.fit.gz,89.81130219,13.60779953,1806,8511.700195,12.19999981,4.713012218,213,0,-6.400000095,202,12.39999962,2.356755972,328
5346536401,2 by 2,Virtual Ride,,1807,10.98,167,17,FALSE,,X-Caliber 7,activities/5694399158.fit.gz,89.81130219,13.60779953,1807,10987.09961,16.79999924,6.080298901,145,0,4.400000095,46.20000076,11.89999962,-0.076453298,294
5358277382,Afternoon Ride,Ride,,5429,15.65,187,132,FALSE,,Ibis Ripley V4,activities/5706634742.fit.gz,89.81130219,13.60779953,4804,15658.7002,8.600000381,3.259512901,109,111,208.8000031,234,30.79999924,0.001277245,955
5374033301,2 by 2,Virtual Ride,,1781,10.65,,,FALSE,,X-Caliber 7,activities/5723031885.fit.gz,89.81130219,13.60779953,1745,10654.2002,14,6.105558872,158,0,6.400000095,82.59999847,9.100000381,-0.061947402,281
5386001415,Afternoon Ride,Ride,,6985,16.75,,,FALSE,,Ibis Ripley V4,activities/5735519921.fit.gz,89.81130219,13.60779953,5596,16753.19922,7.800000191,2.993781328,346,336,246.3999939,285,34.5,0.035814054,817
5390990105,Lunch Ride,Ride,,9973,26.43,,,FALSE,,Ibis Ripley V4,activities/5740735811.fit.gz,89.81130219,13.60779953,8565,26431.19922,9,3.085954428,490,469,268.3999939,313,49.5,0.083991647,1173
5419197870,Half Epic,Ride,,9921,24.38,,,FALSE,,Ibis Ripley V4,activities/5770195976.fit.gz,89.81130219,13.60779953,9331,24387.80078,9.899999619,2.613631964,444,443,415.6000061,491.3999939,36.79999924,0.003280329,1018
5424600139,Morning Ride,Ride,,7808,20.55,,,FALSE,,Ibis Ripley V4,activities/5775854985.fit.gz,89.81130219,13.60779953,7098,20557.90039,9.800000191,2.896294832,408,395,420.3999939,536.4000244,40,0.062263168,928
5430383263,Lavendar Unicorn,Virtual Ride,,1788,12.72,,,FALSE,,X-Caliber 7,activities/5781915155.fit.gz,89.81130219,13.60779953,1788,12728.90039,15.5,7.119071484,42,0,4.199999809,64.59999847,14.80000019,-0.138268039,300
5437733990,Afternoon Ride,Ride,,3322,5.83,,,FALSE,,Ibis Ripley V4,activities/5789562968.fit.gz,89.81130219,13.60779953,2969,5838.299805,6.199999809,1.966419697,76,74,241.8000031,259.3999939,20.79999924,0.027405238,226
5445612850,Lavendar Unicorn,Virtual Ride,,1811,13.27,,,FALSE,,X-Caliber 7,activities/5797780820.fit.gz,89.81130219,13.60779953,1811,13275.40039,10.10000038,7.330425262,30,0,10.39999962,19.79999924,6,0.051222563,303
5451573001,Morning Ride,Ride,,8027,22.28,,,FALSE,,Ibis Ripley V4,activities/5803993245.fit.gz,89.81130219,13.60779953,6354,22280.30078,8.300000191,3.506499767,124,126,204.6000061,228.6000061,40,-0.00448827,650
5458468919,Lunch Ride,Ride,,4327,9.76,152,19,FALSE,,Ibis Ripley V4,activities/5811172601.fit.gz,89.81130219,13.60779953,4124,9766.5,6.400000095,2.368210554,211,212,266.2000122,319,31.60000038,-0.010239082,548
5464677928,Morning Ride,Ride,,5488,11.63,,,FALSE,,Ibis Ripley V4,activities/5817649898.fit.gz,89.81130219,13.60779953,3928,11634.40039,7.400000095,2.961914539,139,136,246.3999939,272.3999939,25.29999924,0.039537922,439
5475059579,2 by 2,Virtual Ride,,1823,13.14,,,FALSE,,X-Caliber 7,activities/5828447816.fit.gz,89.81130219,13.60779953,1808,13146.40039,12.89999962,7.271238804,33,0,-6.400000095,28,4.099999905,-0.138440937,296
5490791542,Absa Cape Epic Workout 1,Virtual Ride,,3991,14.4,,,FALSE,,X-Caliber 7,activities/5844832789.fit.gz,89.81130219,13.60779953,3967,14403.59961,22.89999962,3.630854607,427,0,279.7999878,695.7999878,13.10000038,1.439917803,535
5502977043,Lunch Ride,Ride,,5294,15.67,,,FALSE,,Ibis Ripley V4,activities/5857554891.fit.gz,89.81130219,13.60779953,4654,15669.7998,8,3.366953135,278,273,294,327.2000122,42.70000076,0.039566554,700
5519372930,Afternoon Ride,Ride,,8139,21.64,,,FALSE,,Ibis Ripley V4,activities/5874614693.fit.gz,89.81130219,13.60779953,6453,21643.5,9.699999809,3.354021311,137,139,203,230.1999969,32.40000153,-0.00184813,674
5564929457,Afternoon Ride,Ride,,3403,3.57,,,FALSE,,Ibis Ripley V4,activities/5922096039.fit.gz,89.81130219,13.60779953,1928,3575.699951,7.400000095,1.854616165,118,120,243.3999939,349.7999878,33.29999924,-0.050339792,205
5570754658,Shuttle Laps,Ride,,11690,29.69,,,FALSE,,Ibis Ripley V4,activities/5928186137.fit.gz,89.81130219,13.60779953,6690,29692.90039,21.89999962,4.438400745,529,657,252,416,33.70000076,-0.427038103,1404
5576447194,Shuttle Laps Day 2,Ride,,12087,18.08,,,FALSE,,Ibis Ripley V4,activities/5934141822.fit.gz,89.81130219,13.60779953,5686,18086.30078,12.60000038,3.180847645,80,508,188.8000031,361.2000122,49,-0.78733629,489
5585352056,Oak Hill Lunch Lap,Ride,,3047,10.72,,,FALSE,,Ibis Ripley V4,activities/5943442985.fit.gz,89.81130219,13.60779953,2971,10722.59961,10.19999981,3.609087944,74,71,214.8000031,232,26.20000076,0.026113069,347
5607238224,Afternoon Ride,Ride,,3245,9.23,,,FALSE,,Ibis Ripley V4,activities/5966255480.fit.gz,89.81130219,13.60779953,3230,9236.299805,7.599999905,2.859535694,124,124,233.6000061,251.8000031,46.70000076,0.004330738,369
5643427408,Afternoon Ride,Ride,,3742,9.39,,,FALSE,,Ibis Ripley V4,activities/5643427408.gpx,89.81130219,13.60779953,3464,9395.900391,11.10000038,2.71244216,156.9809723,156.9809723,252.5,287.2000122,30.5,0,652.5362549
5649779377,Afternoon Ride,Ride,,6203,19.26,,,FALSE,,Ibis Ripley V4,activities/6010663157.fit.gz,89.81130219,13.60779953,5832,19263.40039,7.699999809,3.303052187,138,132,142,163.8000031,40,0.037376579,605
5666193962,Afternoon Ride,Ride,,4191,10.15,,,FALSE,,Ibis Ripley V4,activities/6027743612.fit.gz,89.81130219,13.60779953,3874,10153.40039,7.099999905,2.620908737,135,132,240.3999939,260,23.39999962,0.023637403,397
5674930676,Morning Ride,Ride,,7497,12.12,,,FALSE,,Ibis Ripley V4,activities/6036862419.fit.gz,89.81130219,13.60779953,4877,12125.40039,8.600000381,2.486241579,237,218,276.7999878,315.6000061,28.89999962,0.148448706,568
5685920643,Morning Ride,Ride,,6950,13.7,,,FALSE,,Ibis Ripley V4,activities/6048353276.fit.gz,89.81130219,13.60779953,4029,13699,9.5,3.400099277,219,221,290.3999939,316,27,-0.004379882,568
5696561112,Lunch Ride,Ride,,2632,10.96,,,FALSE,,Ibis Ripley V4,activities/6059464603.fit.gz,89.81130219,13.60779953,2588,10961,10.10000038,4.235316753,75,71,214,234,16.70000076,0.043791626,369
5717175875,Morning Ride,Ride,,5686,18.91,,,FALSE,,Ibis Ripley V4,activities/6081231034.fit.gz,89.81130219,13.60779953,5619,18911.09961,9,3.365563154,273,268,184.8000031,225.1999969,32.5,0.023266759,755
5793484359,Afternoon Ride,Ride,,6608,16.4,,,FALSE,,Ibis Ripley V4,activities/6161140645.fit.gz,89.81130219,13.60779953,5167,16407.69922,8.5,3.175478935,279,274,199.1999969,244,50,0.035349257,677
6155883168,Lunch Ride,Ride,,2743,8,,,FALSE,,Ibis Ripley V4,activities/6541754140.fit.gz,89.81130219,13.60779953,2159,8003.72998,8.776000977,3.707146883,131,136,286.7999878,315.3999939,27.80572701,-0.092457198,349
6155887735,Afternoon Ride,Ride,,2922,7.97,,,FALSE,,Ibis Ripley V4,activities/6541758951.fit.gz,89.81130219,13.60779953,2399,7976.5,8.211987495,3.324927092,142,144,289.3999939,317.6000061,31.54489899,-0.017551864,362
6155899728,Morning Ride,Ride,,10242,26.21,,,FALSE,,Ibis Ripley V4,activities/6541771367.fit.gz,89.81130219,13.60779953,8641,26218.23047,7.800000191,3.034166336,395,393,188.1999969,228.8000031,47.37612534,0.006865464,1066
6430881284,Lunch Hike,Hike,,3885,4.72,,,FALSE,,,activities/6430881284.gpx,89.81130219,,3627,4721.930176,2.812011719,1.301883101,63.07343674,68.0734024,299.2000122,324.8999939,19.71803856,-0.105888903,552.6413574
6689036290,La Tierra,Hike,,3689,4.39,,,FALSE,,,activities/6689036290.gpx,89.81130219,,3349,4391.97998,3.964999914,1.311430216,71.94842529,71.64842987,2129.800049,2183.899902,19.17464828,0.006830632,514.0249634
6901482017,Morning Ride,Ride,,4042,11.56,,,FALSE,,Ibis Ripley V4,activities/7343234683.fit.gz,89.81130219,13.60779953,4020,11562.42969,7.332006931,2.876226187,97,95,212.3999939,231.3999939,30.59981918,0.029405531,401
6935321292,Pavement Ride,Ride,,3461,16.5,,,FALSE,,Ibis Ripley V4,activities/7379941590.fit.gz,89.81130219,13.60779953,3291,16506.61914,7.926074028,5.015685081,99,99,196.3999939,240.6000061,37.73527527,0.003634942,588
6971390816,First Dirt,Ride,,4878,15.12,,,FALSE,,Ibis Ripley V4,activities/7418948313.fit.gz,89.81130219,13.60779953,3892,15123.05957,8.17199707,3.885678291,97,99,201.8000031,234.3999939,24.95226097,-0.001322464,498
6998312740,Lunch Ride,Ride,,3980,10.24,,,FALSE,,Ibis Ripley V4,activities/7448161571.fit.gz,89.81130219,13.60779953,3886,10248.5,6.805999756,2.637287617,228,218,267.2000122,329.7999878,31.24968147,0.089769356,508
7012980622,Morning Ride,Ride,,4003,9.49,,,FALSE,,Ibis Ripley V4,activities/7464112240.fit.gz,89.81130219,13.60779953,3743,9494.209961,6.534081936,2.536524057,235,230,319.2000122,381.7999878,45.73742676,0.058983061,496
7039112481,Morning Ride,Ride,,5953,15.95,,,FALSE,,Ibis Ripley V4,activities/7492510526.fit.gz,89.81130219,13.60779953,5184,15953.10938,7.916015625,3.077374458,299,305,282,319.2000122,42.75973892,-0.035102911,727
7060873831,Lunch Ride,Ride,,4891,13.97,,,FALSE,,Ibis Ripley V4,activities/7515992481.fit.gz,89.81130219,13.60779953,4728,13976,8.979883194,2.956006765,266,257,223.6000061,272,28.5716877,0.058672097,627
7076249289,Morning Ride,Ride,,5660,15.58,,,FALSE,,Ibis Ripley V4,activities/7532769056.fit.gz,89.81130219,13.60779953,4912,15582.87012,8.320019722,3.172408342,293,302,287.2000122,318.2000122,40.59968185,-0.026952751,713
7092585608,Morning Ride,Ride,,4678,9.93,,,FALSE,,Orbea Rallon,activities/7550458664.fit.gz,89.81130219,13.60779953,4052,9933.69043,6.747998238,2.451552391,261,238,196.1999969,234.6000061,29.43847656,0.255695462,543
7104068115,Lunch Ride,Ride,,5487,16.19,,,FALSE,,Ibis Ripley V4,activities/7562954184.fit.gz,89.81130219,13.60779953,4559,16189.60938,8.613866806,3.551131725,270,267,276.7999878,302.2000122,29.0649395,0.021001086,707
7148356209,Morning Ride,Ride,,6120,8.19,,,FALSE,,Orbea Rallon,activities/7611175890.fit.gz,89.81130219,13.60779953,2584,8194.530273,7.993994236,3.171257973,142,142,244.3999939,271.6000061,23.97535515,0.00488123,369
7169432461,Morning Ride,Ride,,4517,12.21,,,FALSE,,Ibis Ripley V4,activities/7634083770.fit.gz,113.3981,13.60779953,4140,12215.80957,7.109961033,2.950678587,244,230,2133.199951,2201.399902,32.39064026,0.108056292,579
7174977241,Morning Ride,Ride,,6223,15.47,,,FALSE,,Ibis Ripley V4,activities/7640101021.fit.gz,113.3981,13.60779953,5569,15474.2998,7.18398428,2.778649569,306,303,1891.400024,1987.400024,30.24785423,0.024557162,747
7186406365,Morning Ride,Ride,,8333,15.45,,,FALSE,,Orbea Rallon,activities/7652580787.fit.gz,113.3981,13.60779953,6816,15454.88965,7.451952934,2.267442703,444,455,2242.199951,2546.399902,32.93133926,0.065998212,857
7195844651,Morning Ride,Ride,,5346,9.37,,,FALSE,,Ibis Ripley V4,activities/7662866570.fit.gz,113.3981,13.60779953,4686,9373.730469,10.46601582,2.00036931,304,297,2222.800049,2372.800049,39.42103195,0.081078686,549
7271029701,White Ridge hike-a-bike,Ride,,7158,13.25,,,FALSE,,Ibis Ripley V4,activities/7744907844.fit.gz,113.3981,13.60779953,5787,13250.06055,8.110010147,2.289625168,339,332,1698,1844.199951,49.40892792,0.04830185,713
7346123409,Morning Mountain Bike Ride,Ride,,4353,12.56,,,FALSE,,Ibis Ripley V4,activities/7826953316.fit.gz,113.3981,13.60779953,3875,12560.19043,7.413964748,3.241339445,249,248,2124.399902,2199.600098,22.56610489,0.009553607,610
7361542454,Morning Mountain Bike Ride,Ride,,4321,8.63,,,FALSE,,Ibis Ripley V4,activities/7843777613.fit.gz,113.3981,13.60779953,3894,8636.080078,6.880004883,2.217791557,259,254,2260.199951,2401.199951,46.40930176,0.048632611,482
7382737178,Morning Mountain Bike Ride,Ride,,6091,16.33,,,FALSE,,Ibis Ripley V4,activities/7867066115.fit.gz,113.3981,13.60779953,5678,16333.25977,7.211999893,2.876586676,302,299,2104.800049,2207.600098,20.16424942,0.019591626,744
7469004145,Morning Mountain Bike Ride,Ride,,5291,15.78,,,FALSE,,Orbea Rallon,activities/7961620279.fit.gz,113.3981,13.60779953,4860,15779.96973,10.9260006,3.246907234,42,966,2225.800049,3151,32.13494492,-5.860594749,387
7570502723,Morning Mountain Bike Ride,Ride,,4308,12.21,,,FALSE,,Ibis Ripley V4,activities/8074147277.fit.gz,113.3981,13.60779953,3890,12214.08984,7.314062595,3.139868975,222,224,2121,2197.199951,19.48971176,-0.006550212,559
7582117792,Morning Mountain Bike Ride,Ride,,4078,11.58,,,FALSE,,Ibis Ripley V4,activities/8086992788.fit.gz,113.3981,13.60779953,3560,11582.37988,7.619921684,3.253477573,227,226,2124,2198.199951,22.69872475,0.012086483,548
7603748291,Morning Mountain Bike Ride,Ride,,3806,10.74,,,FALSE,,Ibis Ripley V4,activities/8111257729.fit.gz,113.3981,13.60779953,3570,10740.05957,7.136034966,3.008419991,219,218,2110.399902,2184.399902,34.59670639,0.003723465,508
7609508128,Morning Hike,Hike,,4822,4.88,,,FALSE,,,activities/7609508128.gpx,113.3981,,3975,4881.649902,2.602001905,1.228088021,81.41043091,80.21040344,2127.800049,2185.5,20.05203819,0.024581853,680.1596069
7627276232,Lunch Mountain Bike Ride,Ride,,3393,10.05,,,FALSE,,Ibis Ripley V4,activities/8137291216.fit.gz,113.3981,13.60779953,3102,10057.95996,7.800000191,3.242411375,191,188,2128.800049,2198.600098,28.72750854,0.031815112,472
7642652567,Morning Mountain Bike Ride,Ride,,3549,10.74,,,FALSE,,Ibis Ripley V4,activities/8154529237.fit.gz,113.3981,13.60779953,3365,10748.07031,7.481933594,3.194077253,214,212,2125,2197.800049,19.36093712,0.01116434,520
7709513682,La Tierra Torture Cat 3,Ride,,4024,12.87,,,FALSE,,Ibis Ripley V4,activities/8229711449.fit.gz,113.3981,13.60779953,3729,12869.29004,8.817968369,3.451137066,259,243,2144,2217.399902,49.98779297,0.128990009,621
7725641915,Morning Mountain Bike Ride,Ride,,3137,8.93,,,FALSE,,Ibis Ripley V4,activities/8247968754.fit.gz,113.3981,13.60779953,2751,8930.530273,7.774023533,3.2462852,175,178,2123.399902,2198,18.51801682,-0.029114706,420
7780919445,Morning Mountain Bike Ride,Ride,,3745,10.57,,,FALSE,,Ibis Ripley V4,activities/8310351987.fit.gz,113.3981,13.60779953,3190,10569.11035,7.597949028,3.313200712,184,182,2127.600098,2199,19.6508522,0.028384604,475
7802874205,Morning Mountain Bike Ride,Ride,,4335,15.55,,,FALSE,,Orbea Rallon,activities/8335172398.fit.gz,113.3981,13.60779953,4196,15550.66992,12.19800377,3.706069946,45,982,2213.199951,3150.600098,31.67990112,-6.028037071,374
7833508744,Morning Mountain Bike Ride,Ride,,4356,9.8,,,FALSE,,Ibis Ripley V4,activities/8369697983.fit.gz,113.3981,13.60779953,3938,9808.05957,6.262011528,2.490619659,221,219,1924.400024,1989.400024,23.90360832,0.028548447,501
7866802518,Lunch Mountain Bike Ride,Ride,,3441,10.7,,,FALSE,,Ibis Ripley V4,activities/8407158674.fit.gz,113.3981,13.60779953,3374,10704.88965,7.300000191,3.172759295,218,215,2127.199951,2199.399902,21.11293411,0.037366103,521
7963241006,Lunch Activity,Ride,,11892,28.1,,,FALSE,,Orbea Rallon,activities/7963241006.gpx,113.3981,,6850,28101.88086,12,4.102464199,1327.730957,1950.630005,2618.300049,3248.800049,49.70760345,-2.216576099,1556.878906
7992970878,Morning Mountain Bike Ride,Ride,,3283,5.98,,,FALSE,,Ibis Ripley V4,activities/8550498456.fit.gz,113.3981,13.60779953,3042,5980.359863,6.57999897,1.965930223,184,184,2250.399902,2367.800049,25.72891235,-0.00669101,336
